0,66,null,null,dissolving
0,67,null,null,dissolving
0,69,null,null,dissolving
0,70,null,null,dissolving
0,74,1,74,continuing
0,13,null,null,dissolving
0,7,null,null,dissolving
0,0,null,null,dissolving
0,14,null,null,dissolving
0,79,null,null,dissolving
0,24,null,null,dissolving
0,28,null,null,dissolving
0,31,null,null,dissolving
null,null,1,78,forming
null,null,1,47,forming
null,null,1,94,forming
null,null,1,48,forming
null,null,1,49,forming
null,null,1,57,forming
null,null,1,82,forming
null,null,1,34,forming
null,null,1,52,forming
null,null,1,83,forming
null,null,1,68,forming
null,null,1,84,forming
null,null,1,21,forming
null,null,1,51,forming
null,null,1,53,forming
null,null,1,67,forming
null,null,1,95,forming
null,null,1,86,forming
null,null,1,50,forming
null,null,1,87,forming
null,null,1,66,forming
null,null,1,58,forming
null,null,1,88,forming
null,null,1,89,forming
null,null,1,65,forming
null,null,1,69,forming
null,null,1,81,forming
null,null,1,90,forming
null,null,1,91,forming
null,null,1,64,forming
null,null,1,80,forming
null,null,1,29,forming
null,null,1,30,forming
null,null,1,63,forming
null,null,1,75,forming
null,null,1,79,forming
null,null,1,31,forming
null,null,1,32,forming
null,null,1,7,forming
null,null,1,96,forming
null,null,1,97,forming
null,null,1,18,forming
null,null,1,35,forming
null,null,1,61,forming
null,null,1,99,forming
null,null,1,92,forming
null,null,1,100,forming
null,null,1,101,forming
null,null,1,39,forming
null,null,1,40,forming
null,null,1,98,forming
null,null,1,41,forming
null,null,1,73,forming
null,null,1,93,forming
null,null,1,43,forming
null,null,1,44,forming
null,null,1,76,forming
null,null,1,60,forming
null,null,1,46,forming
null,null,1,4,forming
0,37,null,null,dissolving
0,40,1,42,continuing
0,41,null,null,dissolving
0,43,null,null,dissolving
0,75,1,77,continuing
0,46,null,null,dissolving
0,48,null,null,dissolving
0,50,1,45,continuing
0,51,null,null,dissolving
0,52,null,null,dissolving
0,54,null,null,dissolving
0,55,null,null,dissolving
0,57,1,62,continuing
0,58,null,null,dissolving
0,59,null,null,dissolving
0,60,1,70,continuing
0,61,null,null,dissolving
0,62,null,null,dissolving
0,63,null,null,dissolving
0,64,null,null,dissolving
0,65,null,null,dissolving
0,76,1,72,continuing
0,68,null,null,No_event
0,71,null,null,No_event
0,9,null,null,No_event
0,73,null,null,No_event
0,72,null,null,No_event
0,12,null,null,No_event
0,3,null,null,No_event
0,4,null,null,No_event
0,5,null,null,No_event
0,6,null,null,No_event
0,8,null,null,No_event
0,10,null,null,No_event
0,11,null,null,No_event
0,77,null,null,No_event
0,2,null,null,No_event
0,1,null,null,No_event
0,15,null,null,No_event
0,16,null,null,No_event
0,17,null,null,No_event
0,78,null,null,No_event
0,18,null,null,No_event
0,19,null,null,No_event
0,20,null,null,No_event
0,21,null,null,No_event
0,22,null,null,No_event
0,23,null,null,No_event
0,25,null,null,No_event
0,26,null,null,No_event
0,27,null,null,No_event
0,29,null,null,No_event
0,80,null,null,No_event
0,30,null,null,No_event
0,32,null,null,No_event
0,33,null,null,No_event
0,34,null,null,No_event
0,35,null,null,No_event
0,36,null,null,No_event
0,38,null,null,No_event
0,39,null,null,No_event
0,42,null,null,No_event
0,44,null,null,No_event
0,45,null,null,No_event
0,47,null,null,No_event
0,49,null,null,No_event
0,53,null,null,No_event
0,56,null,null,No_event
null,null,1,5,No_event
null,null,1,54,No_event
null,null,1,55,No_event
null,null,1,56,No_event
null,null,1,6,No_event
null,null,1,59,No_event
null,null,1,8,No_event
null,null,1,71,No_event
null,null,1,12,No_event
null,null,1,9,No_event
null,null,1,15,No_event
null,null,1,16,No_event
null,null,1,17,No_event
null,null,1,10,No_event
null,null,1,19,No_event
null,null,1,20,No_event
null,null,1,22,No_event
null,null,1,23,No_event
null,null,1,24,No_event
null,null,1,11,No_event
null,null,1,25,No_event
null,null,1,26,No_event
null,null,1,27,No_event
null,null,1,28,No_event
null,null,1,33,No_event
null,null,1,36,No_event
null,null,1,13,No_event
null,null,1,37,No_event
null,null,1,38,No_event
null,null,1,14,No_event
null,null,1,0,No_event
null,null,1,1,No_event
null,null,1,2,No_event
null,null,1,3,No_event
1,48,null,null,dissolving
1,89,null,null,dissolving
1,53,2,54,continuing
1,67,null,null,dissolving
1,54,null,null,dissolving
1,55,null,null,dissolving
1,56,null,null,dissolving
1,57,null,null,dissolving
1,58,null,null,dissolving
1,60,null,null,dissolving
1,61,null,null,dissolving
1,63,null,null,dissolving
1,91,null,null,dissolving
1,62,null,null,dissolving
1,0,null,null,dissolving
1,6,null,null,dissolving
1,70,2,78,continuing
1,7,null,null,dissolving
1,92,null,null,dissolving
1,8,null,null,dissolving
1,10,null,null,dissolving
1,93,null,null,dissolving
1,11,null,null,dissolving
1,13,null,null,dissolving
1,14,null,null,dissolving
1,16,null,null,dissolving
1,17,null,null,dissolving
1,21,null,null,dissolving
1,22,null,null,dissolving
1,95,null,null,dissolving
1,24,null,null,dissolving
1,25,null,null,dissolving
1,27,null,null,dissolving
1,31,null,null,dissolving
1,33,null,null,dissolving
1,77,null,null,dissolving
1,35,null,null,dissolving
1,36,null,null,dissolving
1,37,null,null,dissolving
1,38,null,null,dissolving
1,98,2,87,continuing
1,82,null,null,dissolving
null,null,2,39,forming
null,null,2,59,forming
null,null,2,71,forming
null,null,2,86,forming
null,null,2,72,forming
null,null,2,58,forming
null,null,2,10,forming
null,null,2,66,forming
null,null,2,11,forming
null,null,2,12,forming
null,null,2,61,forming
null,null,2,13,forming
null,null,2,56,forming
null,null,2,103,forming
null,null,2,55,forming
null,null,2,75,forming
null,null,2,16,forming
null,null,2,67,forming
null,null,2,80,forming
null,null,2,81,forming
null,null,2,30,forming
null,null,2,83,forming
null,null,2,41,forming
null,null,2,84,forming
null,null,2,22,forming
null,null,2,5,forming
null,null,2,23,forming
null,null,2,24,forming
null,null,2,94,forming
null,null,2,57,forming
null,null,2,89,forming
null,null,2,73,forming
null,null,2,102,forming
null,null,2,27,forming
null,null,2,91,forming
null,null,2,100,forming
null,null,2,92,forming
null,null,2,64,forming
null,null,2,93,forming
null,null,2,95,forming
null,null,2,31,forming
null,null,2,63,forming
null,null,2,32,forming
null,null,2,74,forming
null,null,2,96,forming
null,null,2,4,forming
null,null,2,97,forming
null,null,2,48,forming
null,null,2,98,forming
null,null,2,3,forming
null,null,2,99,forming
null,null,2,49,forming
null,null,2,37,forming
null,null,2,2,forming
null,null,2,60,forming
1,80,null,null,dissolving
1,39,null,null,dissolving
1,78,null,null,dissolving
1,81,2,85,continuing
1,40,2,44,continuing
1,74,null,null,dissolving
1,83,null,null,dissolving
1,42,null,null,dissolving
1,84,null,null,dissolving
1,66,null,null,dissolving
1,43,null,null,dissolving
1,85,null,null,dissolving
1,44,null,null,dissolving
1,79,null,null,dissolving
1,86,null,null,dissolving
1,87,null,null,dissolving
1,72,null,null,dissolving
1,45,null,null,dissolving
1,75,null,null,dissolving
1,88,null,null,dissolving
1,47,null,null,No_event
1,49,null,null,No_event
1,50,null,null,No_event
1,51,null,null,No_event
1,71,null,null,No_event
1,52,null,null,No_event
1,90,null,null,No_event
1,97,null,null,No_event
1,59,null,null,No_event
1,1,null,null,No_event
1,2,null,null,No_event
1,3,null,null,No_event
1,4,null,null,No_event
1,76,null,null,No_event
1,5,null,null,No_event
1,9,null,null,No_event
1,12,null,null,No_event
1,15,null,null,No_event
1,94,null,null,No_event
1,18,null,null,No_event
1,19,null,null,No_event
1,20,null,null,No_event
1,68,null,null,No_event
1,23,null,null,No_event
1,26,null,null,No_event
1,28,null,null,No_event
1,64,null,null,No_event
1,96,null,null,No_event
1,29,null,null,No_event
1,30,null,null,No_event
1,32,null,null,No_event
1,34,null,null,No_event
1,99,null,null,No_event
1,69,null,null,No_event
1,100,null,null,No_event
1,65,null,null,No_event
1,101,null,null,No_event
1,41,null,null,No_event
1,73,null,null,No_event
1,46,null,null,No_event
null,null,2,14,No_event
null,null,2,0,No_event
null,null,2,1,No_event
null,null,2,101,No_event
null,null,2,6,No_event
null,null,2,7,No_event
null,null,2,8,No_event
null,null,2,9,No_event
null,null,2,76,No_event
null,null,2,77,No_event
null,null,2,15,No_event
null,null,2,79,No_event
null,null,2,82,No_event
null,null,2,17,No_event
null,null,2,18,No_event
null,null,2,19,No_event
null,null,2,21,No_event
null,null,2,20,No_event
null,null,2,25,No_event
null,null,2,26,No_event
null,null,2,28,No_event
null,null,2,29,No_event
null,null,2,33,No_event
null,null,2,34,No_event
null,null,2,35,No_event
null,null,2,36,No_event
null,null,2,38,No_event
null,null,2,40,No_event
null,null,2,42,No_event
null,null,2,43,No_event
null,null,2,45,No_event
null,null,2,46,No_event
null,null,2,47,No_event
null,null,2,50,No_event
null,null,2,51,No_event
null,null,2,52,No_event
null,null,2,88,No_event
null,null,2,53,No_event
null,null,2,62,No_event
null,null,2,90,No_event
null,null,2,65,No_event
null,null,2,68,No_event
null,null,2,69,No_event
null,null,2,70,No_event
2,42,3,37,continuing
2,93,null,null,dissolving
2,29,null,null,dissolving
2,76,null,null,dissolving
2,51,null,null,dissolving
2,82,null,null,dissolving
2,89,null,null,dissolving
2,52,null,null,dissolving
2,31,3,30,continuing
2,85,null,null,dissolving
2,54,null,null,dissolving
2,81,null,null,dissolving
2,33,null,null,dissolving
2,96,null,null,dissolving
2,43,null,null,dissolving
2,83,null,null,dissolving
2,34,null,null,dissolving
2,77,null,null,dissolving
2,98,null,null,dissolving
2,13,null,null,dissolving
2,95,3,59,continuing
2,90,null,null,dissolving
2,73,null,null,dissolving
2,57,null,null,dissolving
2,36,null,null,dissolving
null,null,3,61,forming
null,null,3,62,forming
null,null,3,31,forming
null,null,3,64,forming
null,null,3,65,forming
null,null,3,66,forming
null,null,3,67,forming
null,null,3,38,forming
null,null,3,40,forming
null,null,3,42,forming
null,null,3,47,forming
null,null,3,13,forming
null,null,3,58,forming
null,null,3,15,forming
null,null,3,16,forming
null,null,3,63,forming
null,null,3,50,forming
null,null,3,54,forming
null,null,3,11,forming
null,null,3,56,forming
null,null,3,60,forming
null,null,3,57,forming
null,null,3,27,forming
null,null,3,9,forming
2,78,null,null,dissolving
2,86,null,null,dissolving
2,37,null,null,dissolving
2,84,null,null,dissolving
2,97,null,null,dissolving
2,38,null,null,dissolving
2,44,null,null,dissolving
2,60,null,null,dissolving
2,61,null,null,dissolving
2,79,null,null,dissolving
2,16,null,null,dissolving
2,91,null,null,dissolving
2,19,null,null,dissolving
2,17,null,null,dissolving
2,74,null,null,dissolving
2,87,null,null,dissolving
2,63,null,null,dissolving
2,21,null,null,dissolving
2,64,3,48,continuing
2,45,null,null,dissolving
2,65,null,null,dissolving
2,80,null,null,dissolving
2,23,null,null,dissolving
2,66,null,null,dissolving
2,92,3,55,continuing
2,67,null,null,dissolving
2,50,null,null,dissolving
2,46,null,null,dissolving
2,94,null,null,dissolving
2,25,null,null,dissolving
2,88,null,null,dissolving
2,68,null,null,dissolving
2,71,null,null,dissolving
2,47,null,null,dissolving
2,69,null,null,dissolving
2,28,null,null,dissolving
2,99,null,null,No_event
2,8,null,null,No_event
2,30,null,null,No_event
2,72,null,null,No_event
2,102,null,null,No_event
2,53,null,null,No_event
2,32,null,null,No_event
2,100,null,null,No_event
2,55,null,null,No_event
2,56,null,null,No_event
2,35,null,null,No_event
2,14,null,null,No_event
2,101,null,null,No_event
2,103,null,null,No_event
2,58,null,null,No_event
2,0,null,null,No_event
2,1,null,null,No_event
2,59,null,null,No_event
2,2,null,null,No_event
2,3,null,null,No_event
2,4,null,null,No_event
2,5,null,null,No_event
2,6,null,null,No_event
2,7,null,null,No_event
2,39,null,null,No_event
2,9,null,null,No_event
2,10,null,null,No_event
2,18,null,null,No_event
2,11,null,null,No_event
2,12,null,null,No_event
2,40,null,null,No_event
2,15,null,null,No_event
2,70,null,null,No_event
2,62,null,null,No_event
2,20,null,null,No_event
2,22,null,null,No_event
2,41,null,null,No_event
2,24,null,null,No_event
2,75,null,null,No_event
2,26,null,null,No_event
2,48,null,null,No_event
2,27,null,null,No_event
2,49,null,null,No_event
null,null,3,32,No_event
null,null,3,33,No_event
null,null,3,34,No_event
null,null,3,39,No_event
null,null,3,35,No_event
null,null,3,36,No_event
null,null,3,41,No_event
null,null,3,43,No_event
null,null,3,44,No_event
null,null,3,45,No_event
null,null,3,46,No_event
null,null,3,49,No_event
null,null,3,51,No_event
null,null,3,52,No_event
null,null,3,53,No_event
null,null,3,0,No_event
null,null,3,1,No_event
null,null,3,2,No_event
null,null,3,3,No_event
null,null,3,4,No_event
null,null,3,5,No_event
null,null,3,6,No_event
null,null,3,7,No_event
null,null,3,8,No_event
null,null,3,10,No_event
null,null,3,12,No_event
null,null,3,14,No_event
null,null,3,17,No_event
null,null,3,18,No_event
null,null,3,19,No_event
null,null,3,20,No_event
null,null,3,21,No_event
null,null,3,22,No_event
null,null,3,23,No_event
null,null,3,24,No_event
null,null,3,25,No_event
null,null,3,26,No_event
null,null,3,28,No_event
null,null,3,29,No_event
3,10,null,null,dissolving
3,13,null,null,dissolving
3,15,null,null,dissolving
3,16,null,null,dissolving
3,29,null,null,dissolving
3,30,null,null,dissolving
3,32,null,null,dissolving
3,33,null,null,dissolving
3,35,null,null,dissolving
3,36,null,null,dissolving
3,39,null,null,dissolving
3,40,null,null,dissolving
3,21,null,null,dissolving
3,41,null,null,dissolving
3,42,null,null,dissolving
3,63,null,null,dissolving
3,44,null,null,dissolving
3,45,null,null,dissolving
3,46,null,null,dissolving
3,22,null,null,dissolving
3,47,4,37,continuing
3,48,null,null,dissolving
3,64,null,null,dissolving
3,49,null,null,dissolving
3,50,null,null,dissolving
3,51,null,null,dissolving
3,52,null,null,dissolving
3,23,null,null,dissolving
3,53,null,null,dissolving
3,55,null,null,dissolving
3,56,null,null,dissolving
3,57,null,null,dissolving
3,59,null,null,dissolving
3,60,null,null,dissolving
3,66,null,null,dissolving
3,61,null,null,dissolving
3,62,null,null,dissolving
null,null,4,56,forming
null,null,4,25,forming
null,null,4,40,forming
null,null,4,58,forming
null,null,4,59,forming
null,null,4,60,forming
null,null,4,61,forming
null,null,4,30,forming
null,null,4,62,forming
null,null,4,63,forming
null,null,4,57,forming
null,null,4,64,forming
null,null,4,17,forming
null,null,4,52,forming
null,null,4,16,forming
null,null,4,6,forming
null,null,4,38,forming
null,null,4,39,forming
null,null,4,53,forming
null,null,4,9,forming
null,null,4,41,forming
null,null,4,32,forming
null,null,4,42,forming
null,null,4,27,forming
null,null,4,44,forming
null,null,4,45,forming
null,null,4,54,forming
null,null,4,47,forming
null,null,4,48,forming
null,null,4,49,forming
null,null,4,13,forming
null,null,4,50,forming
null,null,4,51,forming
null,null,4,55,forming
null,null,4,21,forming
null,null,4,22,forming
null,null,4,23,forming
null,null,4,31,forming
null,null,4,24,forming
3,4,null,null,dissolving
3,17,null,null,dissolving
3,28,null,null,dissolving
3,8,null,null,dissolving
3,11,null,null,No_event
3,12,null,null,No_event
3,19,null,null,No_event
3,31,null,null,No_event
3,34,null,null,No_event
3,37,null,null,No_event
3,38,null,null,No_event
3,43,null,null,No_event
3,54,null,null,No_event
3,65,null,null,No_event
3,58,null,null,No_event
3,24,null,null,No_event
3,0,null,null,No_event
3,1,null,null,No_event
3,25,null,null,No_event
3,2,null,null,No_event
3,3,null,null,No_event
3,67,null,null,No_event
3,5,null,null,No_event
3,7,null,null,No_event
3,26,null,null,No_event
3,27,null,null,No_event
3,14,null,null,No_event
3,6,null,null,No_event
3,18,null,null,No_event
3,20,null,null,No_event
3,9,null,null,No_event
null,null,4,26,No_event
null,null,4,28,No_event
null,null,4,29,No_event
null,null,4,33,No_event
null,null,4,34,No_event
null,null,4,35,No_event
null,null,4,36,No_event
null,null,4,43,No_event
null,null,4,46,No_event
null,null,4,12,No_event
null,null,4,15,No_event
null,null,4,1,No_event
null,null,4,3,No_event
null,null,4,4,No_event
null,null,4,0,No_event
null,null,4,5,No_event
null,null,4,7,No_event
null,null,4,8,No_event
null,null,4,10,No_event
null,null,4,11,No_event
null,null,4,14,No_event
null,null,4,2,No_event
null,null,4,18,No_event
null,null,4,19,No_event
null,null,4,20,No_event
4,25,5,32,continuing
4,29,null,null,dissolving
4,35,null,null,dissolving
4,36,null,null,dissolving
4,37,null,null,dissolving
4,38,null,null,dissolving
4,39,null,null,dissolving
4,40,null,null,dissolving
4,42,null,null,dissolving
4,45,null,null,dissolving
4,47,null,null,dissolving
4,48,null,null,dissolving
4,50,null,null,dissolving
4,52,5,54,continuing
4,54,null,null,dissolving
4,56,null,null,dissolving
4,57,null,null,dissolving
4,59,null,null,dissolving
4,60,null,null,dissolving
4,61,null,null,dissolving
4,62,null,null,dissolving
4,63,5,51,continuing
null,null,5,55,forming
null,null,5,24,forming
null,null,5,26,forming
null,null,5,27,forming
null,null,5,28,forming
null,null,5,60,forming
null,null,5,61,forming
null,null,5,63,forming
null,null,5,59,forming
null,null,5,64,forming
null,null,5,65,forming
null,null,5,66,forming
null,null,5,67,forming
null,null,5,9,forming
null,null,5,36,forming
null,null,5,35,forming
null,null,5,38,forming
null,null,5,39,forming
null,null,5,40,forming
null,null,5,43,forming
null,null,5,13,forming
null,null,5,47,forming
null,null,5,16,forming
null,null,5,58,forming
null,null,5,48,forming
null,null,5,49,forming
null,null,5,50,forming
null,null,5,21,forming
null,null,5,22,forming
null,null,5,12,forming
4,9,null,null,dissolving
4,10,null,null,dissolving
4,12,null,null,dissolving
4,16,null,null,dissolving
4,18,null,null,dissolving
4,19,null,null,dissolving
4,23,null,null,dissolving
4,26,null,null,No_event
4,27,null,null,No_event
4,4,null,null,No_event
4,28,null,null,No_event
4,30,null,null,No_event
4,31,null,null,No_event
4,32,null,null,No_event
4,33,null,null,No_event
4,5,null,null,No_event
4,34,null,null,No_event
4,6,null,null,No_event
4,41,null,null,No_event
4,43,null,null,No_event
4,44,null,null,No_event
4,7,null,null,No_event
4,46,null,null,No_event
4,49,null,null,No_event
4,51,null,null,No_event
4,53,null,null,No_event
4,55,null,null,No_event
4,58,null,null,No_event
4,64,null,null,No_event
4,1,null,null,No_event
4,2,null,null,No_event
4,0,null,null,No_event
4,8,null,null,No_event
4,11,null,null,No_event
4,13,null,null,No_event
4,14,null,null,No_event
4,15,null,null,No_event
4,17,null,null,No_event
4,20,null,null,No_event
4,21,null,null,No_event
4,22,null,null,No_event
4,3,null,null,No_event
4,24,null,null,No_event
null,null,5,69,No_event
null,null,5,0,No_event
null,null,5,1,No_event
null,null,5,2,No_event
null,null,5,3,No_event
null,null,5,4,No_event
null,null,5,5,No_event
null,null,5,6,No_event
null,null,5,7,No_event
null,null,5,8,No_event
null,null,5,10,No_event
null,null,5,11,No_event
null,null,5,14,No_event
null,null,5,15,No_event
null,null,5,17,No_event
null,null,5,18,No_event
null,null,5,19,No_event
null,null,5,20,No_event
null,null,5,23,No_event
null,null,5,25,No_event
null,null,5,29,No_event
null,null,5,30,No_event
null,null,5,31,No_event
null,null,5,33,No_event
null,null,5,34,No_event
null,null,5,37,No_event
null,null,5,41,No_event
null,null,5,42,No_event
null,null,5,44,No_event
null,null,5,45,No_event
null,null,5,46,No_event
null,null,5,52,No_event
null,null,5,53,No_event
null,null,5,56,No_event
null,null,5,57,No_event
null,null,5,68,No_event
null,null,5,62,No_event
5,45,null,null,dissolving
5,68,null,null,dissolving
5,47,null,null,dissolving
null,null,6,47,forming
null,null,6,28,forming
null,null,6,86,forming
null,null,6,49,forming
null,null,6,50,forming
null,null,6,89,forming
null,null,6,51,forming
null,null,6,20,forming
null,null,6,100,forming
null,null,6,21,forming
null,null,6,90,forming
null,null,6,22,forming
null,null,6,16,forming
null,null,6,23,forming
null,null,6,24,forming
null,null,6,43,forming
null,null,6,25,forming
null,null,6,58,forming
null,null,6,38,forming
null,null,6,59,forming
null,null,6,60,forming
null,null,6,2,forming
null,null,6,29,forming
null,null,6,85,forming
null,null,6,93,forming
null,null,6,37,forming
null,null,6,76,forming
null,null,6,94,forming
null,null,6,84,forming
null,null,6,95,forming
null,null,6,8,forming
null,null,6,65,forming
null,null,6,19,forming
null,null,6,66,forming
null,null,6,35,forming
null,null,6,81,forming
null,null,6,67,forming
null,null,6,82,forming
null,null,6,36,forming
null,null,6,98,forming
null,null,6,92,forming
null,null,6,69,forming
null,null,6,18,forming
null,null,6,70,forming
null,null,6,97,forming
null,null,6,87,forming
null,null,6,71,forming
null,null,6,80,forming
null,null,6,72,forming
null,null,6,4,forming
null,null,6,42,forming
null,null,6,75,forming
null,null,6,91,forming
null,null,6,44,forming
null,null,6,88,forming
null,null,6,77,forming
null,null,6,11,forming
null,null,6,15,forming
null,null,6,99,forming
5,48,null,null,dissolving
5,27,null,null,dissolving
5,49,null,null,dissolving
5,29,null,null,dissolving
5,5,null,null,dissolving
5,51,null,null,dissolving
5,30,null,null,dissolving
5,9,null,null,dissolving
5,52,null,null,dissolving
5,16,null,null,dissolving
5,17,null,null,dissolving
5,53,null,null,dissolving
5,32,6,31,continuing
5,21,null,null,dissolving
5,54,6,79,continuing
5,55,null,null,dissolving
5,35,null,null,dissolving
5,57,null,null,dissolving
5,58,null,null,dissolving
5,37,null,null,dissolving
5,59,null,null,dissolving
5,60,null,null,dissolving
5,61,null,null,dissolving
5,41,null,null,dissolving
5,63,null,null,dissolving
5,42,null,null,dissolving
5,64,null,null,dissolving
5,65,null,null,No_event
5,44,null,null,No_event
5,23,null,null,No_event
5,66,null,null,No_event
5,24,null,null,No_event
5,67,null,null,No_event
5,46,null,null,No_event
5,25,null,null,No_event
5,26,null,null,No_event
5,69,null,null,No_event
5,28,null,null,No_event
5,0,null,null,No_event
5,50,null,null,No_event
5,1,null,null,No_event
5,2,null,null,No_event
5,3,null,null,No_event
5,4,null,null,No_event
5,6,null,null,No_event
5,7,null,null,No_event
5,8,null,null,No_event
5,10,null,null,No_event
5,11,null,null,No_event
5,12,null,null,No_event
5,13,null,null,No_event
5,14,null,null,No_event
5,31,null,null,No_event
5,15,null,null,No_event
5,18,null,null,No_event
5,19,null,null,No_event
5,20,null,null,No_event
5,22,null,null,No_event
5,33,null,null,No_event
5,34,null,null,No_event
5,56,null,null,No_event
5,36,null,null,No_event
5,38,null,null,No_event
5,39,null,null,No_event
5,40,null,null,No_event
5,62,null,null,No_event
5,43,null,null,No_event
null,null,6,83,No_event
null,null,6,96,No_event
null,null,6,63,No_event
null,null,6,64,No_event
null,null,6,5,No_event
null,null,6,17,No_event
null,null,6,6,No_event
null,null,6,26,No_event
null,null,6,7,No_event
null,null,6,27,No_event
null,null,6,30,No_event
null,null,6,32,No_event
null,null,6,33,No_event
null,null,6,34,No_event
null,null,6,9,No_event
null,null,6,39,No_event
null,null,6,40,No_event
null,null,6,41,No_event
null,null,6,10,No_event
null,null,6,45,No_event
null,null,6,46,No_event
null,null,6,48,No_event
null,null,6,52,No_event
null,null,6,53,No_event
null,null,6,54,No_event
null,null,6,55,No_event
null,null,6,56,No_event
null,null,6,12,No_event
null,null,6,57,No_event
null,null,6,61,No_event
null,null,6,62,No_event
null,null,6,13,No_event
null,null,6,0,No_event
null,null,6,1,No_event
null,null,6,3,No_event
null,null,6,68,No_event
null,null,6,14,No_event
null,null,6,73,No_event
null,null,6,74,No_event
null,null,6,78,No_event
null,null,7,73,forming
null,null,7,72,forming
null,null,7,41,forming
null,null,7,88,forming
null,null,7,11,forming
null,null,7,9,forming
null,null,7,107,forming
null,null,7,43,forming
null,null,7,71,forming
null,null,7,44,forming
null,null,7,103,forming
null,null,7,108,forming
null,null,7,15,forming
null,null,7,109,forming
null,null,7,105,forming
null,null,7,47,forming
null,null,7,89,forming
null,null,7,80,forming
null,null,7,101,forming
null,null,7,104,forming
null,null,7,81,forming
null,null,7,52,forming
null,null,7,66,forming
null,null,7,19,forming
null,null,7,100,forming
null,null,7,20,forming
null,null,7,110,forming
null,null,7,84,forming
null,null,7,99,forming
null,null,7,53,forming
null,null,7,42,forming
null,null,7,86,forming
null,null,7,98,forming
null,null,7,55,forming
null,null,7,85,forming
null,null,7,56,forming
null,null,7,57,forming
null,null,7,111,forming
null,null,7,58,forming
null,null,7,91,forming
null,null,7,106,forming
null,null,7,69,forming
null,null,7,29,forming
null,null,7,61,forming
null,null,7,62,forming
null,null,7,102,forming
null,null,7,78,forming
null,null,7,94,forming
null,null,7,68,forming
null,null,7,95,forming
null,null,7,97,forming
null,null,7,96,forming
null,null,7,2,forming
null,null,7,76,forming
null,null,7,35,forming
null,null,7,92,forming
null,null,7,4,forming
null,null,7,87,forming
null,null,7,37,forming
null,null,7,38,forming
null,null,7,50,forming
null,null,7,82,forming
null,null,7,74,forming
null,null,7,70,forming
null,null,7,40,forming
null,null,7,45,forming
6,73,null,null,dissolving
6,86,null,null,dissolving
6,69,null,null,dissolving
6,82,null,null,dissolving
6,65,null,null,dissolving
6,78,null,null,dissolving
6,20,null,null,dissolving
6,21,null,null,dissolving
6,74,null,null,dissolving
6,22,null,null,dissolving
6,70,null,null,dissolving
6,23,null,null,dissolving
6,83,null,null,dissolving
6,87,null,null,dissolving
6,79,7,77,continuing
6,88,null,null,dissolving
6,89,null,null,dissolving
6,90,null,null,dissolving
6,25,null,null,dissolving
6,71,null,null,dissolving
6,28,null,null,dissolving
6,30,null,null,dissolving
6,91,null,null,dissolving
6,31,7,32,continuing
6,84,null,null,dissolving
6,32,null,null,dissolving
6,35,null,null,dissolving
6,67,null,null,dissolving
6,92,null,null,dissolving
6,37,null,null,dissolving
6,39,null,null,dissolving
6,80,null,null,dissolving
6,40,null,null,dissolving
6,41,null,null,dissolving
6,42,null,null,dissolving
6,93,null,null,dissolving
6,45,null,null,dissolving
6,46,null,null,dissolving
6,47,null,null,dissolving
6,48,null,null,dissolving
6,94,null,null,dissolving
6,49,null,null,dissolving
6,76,null,null,dissolving
6,50,7,46,continuing
6,51,null,null,dissolving
6,52,null,null,dissolving
6,53,null,null,dissolving
6,54,null,null,dissolving
6,57,null,null,dissolving
6,60,null,null,dissolving
6,61,null,null,dissolving
6,85,null,null,dissolving
6,62,null,null,dissolving
6,97,7,83,continuing
6,81,null,null,dissolving
6,10,null,null,dissolving
6,64,null,null,dissolving
6,12,null,null,dissolving
6,15,null,null,dissolving
6,99,null,null,dissolving
6,77,null,null,No_event
6,100,null,null,No_event
6,16,null,null,No_event
6,17,null,null,No_event
6,18,null,null,No_event
6,19,null,null,No_event
6,66,null,null,No_event
6,68,null,null,No_event
6,75,null,null,No_event
6,24,null,null,No_event
6,26,null,null,No_event
6,27,null,null,No_event
6,29,null,null,No_event
6,33,null,null,No_event
6,34,null,null,No_event
6,36,null,null,No_event
6,38,null,null,No_event
6,43,null,null,No_event
6,63,null,null,No_event
6,44,null,null,No_event
6,95,null,null,No_event
6,55,null,null,No_event
6,56,null,null,No_event
6,72,null,null,No_event
6,58,null,null,No_event
6,59,null,null,No_event
6,96,null,null,No_event
6,0,null,null,No_event
6,1,null,null,No_event
6,2,null,null,No_event
6,3,null,null,No_event
6,4,null,null,No_event
6,5,null,null,No_event
6,6,null,null,No_event
6,7,null,null,No_event
6,8,null,null,No_event
6,9,null,null,No_event
6,98,null,null,No_event
6,11,null,null,No_event
6,13,null,null,No_event
6,14,null,null,No_event
null,null,7,48,No_event
null,null,7,49,No_event
null,null,7,51,No_event
null,null,7,0,No_event
null,null,7,54,No_event
null,null,7,64,No_event
null,null,7,59,No_event
null,null,7,60,No_event
null,null,7,63,No_event
null,null,7,1,No_event
null,null,7,65,No_event
null,null,7,67,No_event
null,null,7,3,No_event
null,null,7,12,No_event
null,null,7,13,No_event
null,null,7,14,No_event
null,null,7,16,No_event
null,null,7,26,No_event
null,null,7,17,No_event
null,null,7,5,No_event
null,null,7,21,No_event
null,null,7,22,No_event
null,null,7,90,No_event
null,null,7,23,No_event
null,null,7,24,No_event
null,null,7,6,No_event
null,null,7,25,No_event
null,null,7,30,No_event
null,null,7,27,No_event
null,null,7,28,No_event
null,null,7,93,No_event
null,null,7,7,No_event
null,null,7,31,No_event
null,null,7,33,No_event
null,null,7,34,No_event
null,null,7,36,No_event
null,null,7,8,No_event
null,null,7,39,No_event
null,null,7,10,No_event
null,null,7,75,No_event
null,null,7,79,No_event
null,null,7,18,No_event
7,72,null,null,dissolving
7,83,null,null,dissolving
7,62,null,null,dissolving
7,66,null,null,dissolving
7,42,null,null,dissolving
7,98,null,null,dissolving
7,43,null,null,dissolving
7,82,null,null,dissolving
7,2,null,null,dissolving
7,77,8,89,continuing
7,67,null,null,dissolving
7,4,null,null,dissolving
7,46,null,null,dissolving
7,26,null,null,dissolving
7,81,null,null,dissolving
7,5,null,null,dissolving
7,99,null,null,dissolving
7,27,null,null,dissolving
7,48,null,null,dissolving
7,28,null,null,dissolving
7,7,null,null,dissolving
7,78,null,null,dissolving
7,68,null,null,dissolving
7,49,null,null,dissolving
7,36,null,null,dissolving
7,8,null,null,dissolving
7,91,null,null,dissolving
7,38,null,null,dissolving
7,50,null,null,dissolving
7,39,null,null,dissolving
7,80,null,null,dissolving
7,87,null,null,dissolving
7,86,null,null,dissolving
7,31,null,null,dissolving
7,110,8,90,continuing
null,null,8,86,forming
null,null,8,93,forming
null,null,8,55,forming
null,null,8,80,forming
null,null,8,84,forming
null,null,8,25,forming
null,null,8,96,forming
null,null,8,58,forming
null,null,8,108,forming
null,null,8,99,forming
null,null,8,29,forming
null,null,8,30,forming
null,null,8,40,forming
null,null,8,94,forming
null,null,8,0,forming
null,null,8,8,forming
null,null,8,51,forming
null,null,8,1,forming
null,null,8,61,forming
null,null,8,3,forming
null,null,8,36,forming
null,null,8,82,forming
null,null,8,41,forming
null,null,8,100,forming
null,null,8,101,forming
null,null,8,77,forming
null,null,8,67,forming
null,null,8,98,forming
null,null,8,102,forming
null,null,8,103,forming
null,null,8,76,forming
null,null,8,78,forming
null,null,8,92,forming
null,null,8,104,forming
null,null,8,10,forming
null,null,8,75,forming
null,null,8,105,forming
null,null,8,43,forming
null,null,8,12,forming
null,null,8,37,forming
null,null,8,45,forming
null,null,8,109,forming
null,null,8,73,forming
null,null,8,79,forming
null,null,8,110,forming
null,null,8,56,forming
null,null,8,111,forming
null,null,8,72,forming
null,null,8,74,forming
null,null,8,112,forming
null,null,8,69,forming
null,null,8,19,forming
null,null,8,20,forming
null,null,8,64,forming
null,null,8,21,forming
null,null,8,13,forming
null,null,8,107,forming
7,52,null,null,dissolving
7,32,8,32,continuing
7,53,null,null,dissolving
7,96,null,null,dissolving
7,34,null,null,dissolving
7,92,null,null,dissolving
7,55,null,null,dissolving
7,75,null,null,dissolving
7,64,null,null,dissolving
7,14,null,null,dissolving
7,85,null,null,dissolving
7,108,8,95,continuing
7,56,null,null,dissolving
7,88,null,null,dissolving
7,71,null,null,dissolving
7,57,null,null,dissolving
7,100,null,null,dissolving
7,16,null,null,dissolving
7,101,8,83,continuing
7,97,null,null,dissolving
7,17,null,null,dissolving
7,84,null,null,dissolving
7,63,null,null,dissolving
7,59,null,null,dissolving
7,65,null,null,dissolving
7,102,null,null,dissolving
7,60,null,null,dissolving
7,76,null,null,dissolving
7,89,null,null,No_event
7,20,null,null,No_event
7,41,null,null,No_event
7,30,null,null,No_event
7,21,null,null,No_event
7,0,null,null,No_event
7,22,null,null,No_event
7,1,null,null,No_event
7,23,null,null,No_event
7,44,null,null,No_event
7,24,null,null,No_event
7,3,null,null,No_event
7,90,null,null,No_event
7,45,null,null,No_event
7,73,null,null,No_event
7,25,null,null,No_event
7,47,null,null,No_event
7,6,null,null,No_event
7,95,null,null,No_event
7,29,null,null,No_event
7,37,null,null,No_event
7,74,null,null,No_event
7,40,null,null,No_event
7,93,null,null,No_event
7,9,null,null,No_event
7,105,null,null,No_event
7,107,null,null,No_event
7,106,null,null,No_event
7,51,null,null,No_event
7,109,null,null,No_event
7,10,null,null,No_event
7,111,null,null,No_event
7,69,null,null,No_event
7,11,null,null,No_event
7,33,null,null,No_event
7,12,null,null,No_event
7,79,null,null,No_event
7,54,null,null,No_event
7,13,null,null,No_event
7,35,null,null,No_event
7,70,null,null,No_event
7,15,null,null,No_event
7,104,null,null,No_event
7,58,null,null,No_event
7,94,null,null,No_event
7,18,null,null,No_event
7,103,null,null,No_event
7,19,null,null,No_event
7,61,null,null,No_event
null,null,8,57,No_event
null,null,8,59,No_event
null,null,8,60,No_event
null,null,8,62,No_event
null,null,8,63,No_event
null,null,8,65,No_event
null,null,8,66,No_event
null,null,8,68,No_event
null,null,8,70,No_event
null,null,8,71,No_event
null,null,8,81,No_event
null,null,8,85,No_event
null,null,8,87,No_event
null,null,8,88,No_event
null,null,8,91,No_event
null,null,8,97,No_event
null,null,8,106,No_event
null,null,8,2,No_event
null,null,8,4,No_event
null,null,8,5,No_event
null,null,8,6,No_event
null,null,8,7,No_event
null,null,8,9,No_event
null,null,8,11,No_event
null,null,8,14,No_event
null,null,8,15,No_event
null,null,8,16,No_event
null,null,8,17,No_event
null,null,8,18,No_event
null,null,8,22,No_event
null,null,8,23,No_event
null,null,8,24,No_event
null,null,8,26,No_event
null,null,8,27,No_event
null,null,8,28,No_event
null,null,8,31,No_event
null,null,8,33,No_event
null,null,8,34,No_event
null,null,8,35,No_event
null,null,8,38,No_event
null,null,8,39,No_event
null,null,8,42,No_event
null,null,8,44,No_event
null,null,8,46,No_event
null,null,8,47,No_event
null,null,8,48,No_event
null,null,8,49,No_event
null,null,8,50,No_event
null,null,8,52,No_event
null,null,8,53,No_event
null,null,8,54,No_event
8,80,null,null,dissolving
8,34,null,null,dissolving
8,55,null,null,dissolving
8,69,null,null,dissolving
8,15,null,null,dissolving
8,75,null,null,dissolving
8,57,null,null,dissolving
8,37,9,29,growing
8,81,null,null,dissolving
8,58,null,null,dissolving
8,71,null,null,dissolving
8,38,null,null,dissolving
8,83,null,null,dissolving
8,84,null,null,dissolving
8,85,null,null,dissolving
8,59,null,null,dissolving
8,87,null,null,dissolving
8,39,null,null,dissolving
8,88,null,null,dissolving
8,67,null,null,dissolving
8,18,null,null,dissolving
8,90,null,null,dissolving
8,91,null,null,dissolving
8,60,null,null,dissolving
8,92,null,null,dissolving
8,93,null,null,dissolving
8,40,null,null,dissolving
8,94,null,null,dissolving
8,95,null,null,dissolving
8,19,null,null,dissolving
8,63,null,null,dissolving
8,98,null,null,dissolving
8,99,null,null,dissolving
8,41,null,null,dissolving
8,101,null,null,dissolving
8,20,null,null,dissolving
8,103,null,null,dissolving
8,76,null,null,dissolving
8,62,null,null,dissolving
8,104,null,null,dissolving
8,105,null,null,dissolving
8,42,null,null,dissolving
8,106,9,73,continuing
8,65,null,null,dissolving
8,89,9,76,continuing
8,110,null,null,dissolving
8,43,null,null,dissolving
null,null,9,36,forming
null,null,9,62,forming
null,null,9,37,forming
null,null,9,83,forming
null,null,9,69,forming
null,null,9,39,forming
null,null,9,63,forming
null,null,9,8,forming
null,null,9,42,forming
null,null,9,10,forming
null,null,9,1,forming
null,null,9,74,forming
null,null,9,84,forming
null,null,9,75,forming
null,null,9,0,forming
null,null,9,64,forming
null,null,9,77,forming
null,null,9,15,forming
null,null,9,59,forming
null,null,9,40,forming
null,null,9,16,forming
null,null,9,49,forming
null,null,9,54,forming
null,null,9,82,forming
null,null,9,65,forming
null,null,9,20,forming
null,null,9,21,forming
null,null,9,60,forming
null,null,9,85,forming
null,null,9,53,forming
null,null,9,86,forming
null,null,9,55,forming
null,null,9,24,forming
null,null,9,52,forming
null,null,9,48,forming
null,null,9,88,forming
null,null,9,3,forming
null,null,9,89,forming
null,null,9,90,forming
null,null,9,91,forming
null,null,9,92,forming
null,null,9,87,forming
null,null,9,30,forming
null,null,9,94,forming
null,null,9,51,forming
null,null,9,46,forming
null,null,9,32,forming
null,null,9,33,forming
null,null,9,93,forming
null,null,9,66,forming
null,null,9,47,forming
8,22,null,null,dissolving
8,44,null,null,dissolving
8,45,null,null,dissolving
8,24,null,null,dissolving
8,3,null,null,dissolving
8,66,null,null,dissolving
8,47,null,null,dissolving
8,26,null,null,dissolving
8,78,9,61,continuing
8,48,null,null,dissolving
8,27,null,null,dissolving
8,6,null,null,dissolving
8,49,null,null,dissolving
8,7,null,null,dissolving
8,50,null,null,dissolving
8,51,null,null,dissolving
8,30,null,null,dissolving
8,31,null,null,dissolving
8,74,null,null,dissolving
8,68,null,null,dissolving
8,32,9,28,continuing
8,97,null,null,dissolving
8,70,null,null,dissolving
8,33,null,null,dissolving
8,13,null,null,No_event
8,35,null,null,No_event
8,14,null,null,No_event
8,56,null,null,No_event
8,36,null,null,No_event
8,16,null,null,No_event
8,82,null,null,No_event
8,17,null,null,No_event
8,64,null,null,No_event
8,86,null,null,No_event
8,96,null,null,No_event
8,61,null,null,No_event
8,100,null,null,No_event
8,102,null,null,No_event
8,107,null,null,No_event
8,21,null,null,No_event
8,108,null,null,No_event
8,109,null,null,No_event
8,111,null,null,No_event
8,72,null,null,No_event
8,1,null,null,No_event
8,23,null,null,No_event
8,2,null,null,No_event
8,0,null,null,No_event
8,46,null,null,No_event
8,25,null,null,No_event
8,77,null,null,No_event
8,4,null,null,No_event
8,5,null,null,No_event
8,73,null,null,No_event
8,28,null,null,No_event
8,29,null,null,No_event
8,8,null,null,No_event
8,79,null,null,No_event
8,9,null,null,No_event
8,52,null,null,No_event
8,10,null,null,No_event
8,53,null,null,No_event
8,11,null,null,No_event
8,54,null,null,No_event
8,12,null,null,No_event
null,null,9,68,No_event
null,null,9,70,No_event
null,null,9,71,No_event
null,null,9,72,No_event
null,null,9,78,No_event
null,null,9,79,No_event
null,null,9,80,No_event
null,null,9,13,No_event
null,null,9,2,No_event
null,null,9,4,No_event
null,null,9,5,No_event
null,null,9,6,No_event
null,null,9,7,No_event
null,null,9,9,No_event
null,null,9,11,No_event
null,null,9,12,No_event
null,null,9,14,No_event
null,null,9,17,No_event
null,null,9,18,No_event
null,null,9,19,No_event
null,null,9,22,No_event
null,null,9,23,No_event
null,null,9,25,No_event
null,null,9,26,No_event
null,null,9,27,No_event
null,null,9,31,No_event
null,null,9,34,No_event
null,null,9,35,No_event
null,null,9,38,No_event
null,null,9,41,No_event
null,null,9,43,No_event
null,null,9,44,No_event
null,null,9,45,No_event
null,null,9,50,No_event
null,null,9,56,No_event
null,null,9,57,No_event
null,null,9,58,No_event
null,null,9,67,No_event
9,68,null,null,dissolving
9,70,null,null,dissolving
9,71,null,null,dissolving
9,74,null,null,dissolving
9,75,null,null,dissolving
9,76,10,73,continuing
9,77,null,null,dissolving
9,78,null,null,dissolving
9,79,null,null,dissolving
9,6,null,null,dissolving
9,81,null,null,dissolving
9,82,null,null,dissolving
9,83,null,null,dissolving
9,84,null,null,dissolving
9,28,10,25,continuing
9,85,null,null,dissolving
9,86,null,null,dissolving
9,50,null,null,dissolving
9,89,null,null,dissolving
9,90,null,null,dissolving
9,29,null,null,dissolving
9,92,10,70,continuing
9,93,null,null,dissolving
null,null,10,67,forming
null,null,10,68,forming
null,null,10,51,forming
null,null,10,37,forming
null,null,10,94,forming
null,null,10,71,forming
null,null,10,72,forming
null,null,10,89,forming
null,null,10,10,forming
null,null,10,86,forming
null,null,10,42,forming
null,null,10,43,forming
null,null,10,35,forming
null,null,10,76,forming
null,null,10,47,forming
null,null,10,45,forming
null,null,10,46,forming
null,null,10,74,forming
null,null,10,79,forming
null,null,10,83,forming
null,null,10,48,forming
null,null,10,85,forming
null,null,10,49,forming
null,null,10,50,forming
null,null,10,33,forming
null,null,10,20,forming
null,null,10,84,forming
null,null,10,28,forming
null,null,10,14,forming
null,null,10,30,forming
null,null,10,23,forming
null,null,10,63,forming
null,null,10,87,forming
null,null,10,95,forming
null,null,10,56,forming
null,null,10,81,forming
null,null,10,26,forming
null,null,10,58,forming
null,null,10,44,forming
null,null,10,59,forming
null,null,10,92,forming
null,null,10,39,forming
null,null,10,93,forming
null,null,10,62,forming
null,null,10,82,forming
null,null,10,75,forming
null,null,10,91,forming
null,null,10,64,forming
null,null,10,77,forming
null,null,10,65,forming
null,null,10,90,forming
null,null,10,66,forming
null,null,10,88,forming
9,51,null,null,dissolving
9,30,null,null,dissolving
9,9,null,null,dissolving
9,52,null,null,dissolving
9,53,null,null,dissolving
9,32,null,null,dissolving
9,54,null,null,dissolving
9,33,null,null,dissolving
9,12,null,null,dissolving
9,35,null,null,dissolving
9,57,null,null,dissolving
9,36,null,null,dissolving
9,37,null,null,dissolving
9,59,null,null,dissolving
9,38,null,null,dissolving
9,17,null,null,dissolving
9,60,null,null,dissolving
9,39,null,null,dissolving
9,61,10,60,continuing
9,40,null,null,dissolving
9,19,null,null,dissolving
9,62,null,null,dissolving
9,63,null,null,dissolving
9,41,null,null,dissolving
9,20,null,null,dissolving
9,21,null,null,dissolving
9,1,null,null,dissolving
9,43,null,null,dissolving
9,44,null,null,dissolving
9,45,null,null,dissolving
9,4,null,null,dissolving
9,64,null,null,dissolving
9,46,null,null,dissolving
9,67,null,null,dissolving
9,25,null,null,dissolving
9,69,null,null,No_event
9,47,null,null,No_event
9,72,null,null,No_event
9,26,null,null,No_event
9,73,null,null,No_event
9,5,null,null,No_event
9,48,null,null,No_event
9,27,null,null,No_event
9,80,null,null,No_event
9,49,null,null,No_event
9,7,null,null,No_event
9,87,null,null,No_event
9,88,null,null,No_event
9,91,null,null,No_event
9,8,null,null,No_event
9,31,null,null,No_event
9,10,null,null,No_event
9,11,null,null,No_event
9,55,null,null,No_event
9,34,null,null,No_event
9,13,null,null,No_event
9,56,null,null,No_event
9,14,null,null,No_event
9,15,null,null,No_event
9,58,null,null,No_event
9,16,null,null,No_event
9,18,null,null,No_event
9,0,null,null,No_event
9,42,null,null,No_event
9,22,null,null,No_event
9,2,null,null,No_event
9,23,null,null,No_event
9,3,null,null,No_event
9,24,null,null,No_event
9,65,null,null,No_event
9,66,null,null,No_event
null,null,10,0,No_event
null,null,10,1,No_event
null,null,10,2,No_event
null,null,10,3,No_event
null,null,10,4,No_event
null,null,10,5,No_event
null,null,10,6,No_event
null,null,10,7,No_event
null,null,10,8,No_event
null,null,10,9,No_event
null,null,10,11,No_event
null,null,10,12,No_event
null,null,10,13,No_event
null,null,10,15,No_event
null,null,10,16,No_event
null,null,10,17,No_event
null,null,10,18,No_event
null,null,10,19,No_event
null,null,10,21,No_event
null,null,10,22,No_event
null,null,10,24,No_event
null,null,10,27,No_event
null,null,10,29,No_event
null,null,10,31,No_event
null,null,10,32,No_event
null,null,10,34,No_event
null,null,10,36,No_event
null,null,10,38,No_event
null,null,10,40,No_event
null,null,10,41,No_event
null,null,10,52,No_event
null,null,10,53,No_event
null,null,10,54,No_event
null,null,10,55,No_event
null,null,10,57,No_event
null,null,10,61,No_event
null,null,10,69,No_event
null,null,10,80,No_event
10,15,null,null,dissolving
10,78,null,null,dissolving
10,16,null,null,dissolving
10,17,null,null,dissolving
10,19,null,null,dissolving
10,3,null,null,dissolving
10,20,null,null,dissolving
10,6,null,null,dissolving
10,13,null,null,dissolving
10,21,null,null,dissolving
10,23,null,null,dissolving
10,24,null,null,dissolving
10,25,11,17,continuing
10,26,11,18,growing
10,28,null,null,dissolving
10,29,null,null,dissolving
10,32,null,null,dissolving
10,34,null,null,dissolving
10,35,null,null,dissolving
10,36,null,null,dissolving
10,38,null,null,dissolving
10,39,null,null,dissolving
10,42,null,null,dissolving
10,44,null,null,dissolving
10,45,null,null,dissolving
10,46,null,null,dissolving
10,48,null,null,dissolving
10,49,null,null,dissolving
10,50,null,null,dissolving
10,51,null,null,dissolving
10,52,null,null,dissolving
10,53,null,null,dissolving
10,54,null,null,dissolving
10,56,null,null,dissolving
10,57,null,null,dissolving
10,58,null,null,dissolving
10,60,null,null,dissolving
10,8,null,null,dissolving
10,62,null,null,dissolving
10,63,null,null,dissolving
10,65,11,27,continuing
10,66,11,30,continuing
10,67,11,28,continuing
10,68,null,null,dissolving
10,69,null,null,dissolving
10,70,null,null,dissolving
10,71,null,null,dissolving
10,72,null,null,dissolving
10,73,11,35,continuing
10,74,null,null,dissolving
10,76,null,null,dissolving
10,77,null,null,dissolving
10,11,null,null,dissolving
10,79,null,null,dissolving
10,80,null,null,dissolving
10,81,null,null,dissolving
10,83,null,null,dissolving
10,84,null,null,dissolving
10,85,null,null,dissolving
10,86,null,null,dissolving
10,87,null,null,dissolving
10,89,null,null,dissolving
10,90,null,null,dissolving
10,91,null,null,dissolving
10,93,null,null,dissolving
10,94,11,39,continuing
null,null,11,3,forming
null,null,11,4,forming
null,null,11,41,forming
null,null,11,42,forming
null,null,11,43,forming
null,null,11,44,forming
null,null,11,45,forming
null,null,11,46,forming
null,null,11,15,forming
null,null,11,36,forming
null,null,11,48,forming
null,null,11,49,forming
null,null,11,47,forming
null,null,11,51,forming
null,null,11,52,forming
null,null,11,21,forming
null,null,11,32,forming
null,null,11,24,forming
null,null,11,16,forming
null,null,11,29,forming
null,null,11,31,forming
null,null,11,0,forming
null,null,11,1,forming
null,null,11,2,forming
10,1,null,null,No_event
10,5,null,null,No_event
10,7,null,null,No_event
10,9,null,null,No_event
10,0,null,null,No_event
10,14,null,null,No_event
10,18,null,null,No_event
10,22,null,null,No_event
10,2,null,null,No_event
10,27,null,null,No_event
10,30,null,null,No_event
10,31,null,null,No_event
10,33,null,null,No_event
10,4,null,null,No_event
10,37,null,null,No_event
10,40,null,null,No_event
10,41,null,null,No_event
10,43,null,null,No_event
10,47,null,null,No_event
10,55,null,null,No_event
10,59,null,null,No_event
10,61,null,null,No_event
10,64,null,null,No_event
10,10,null,null,No_event
10,75,null,null,No_event
10,82,null,null,No_event
10,12,null,null,No_event
10,88,null,null,No_event
10,92,null,null,No_event
null,null,11,5,No_event
null,null,11,6,No_event
null,null,11,7,No_event
null,null,11,8,No_event
null,null,11,10,No_event
null,null,11,11,No_event
null,null,11,12,No_event
null,null,11,13,No_event
null,null,11,14,No_event
null,null,11,19,No_event
null,null,11,20,No_event
null,null,11,22,No_event
null,null,11,23,No_event
null,null,11,25,No_event
null,null,11,26,No_event
null,null,11,34,No_event
null,null,11,38,No_event
null,null,11,40,No_event
null,null,11,50,No_event
null,null,11,33,No_event
null,null,11,9,No_event
11,3,null,null,dissolving
11,4,null,null,dissolving
11,12,null,null,dissolving
11,13,null,null,dissolving
11,14,null,null,dissolving
11,16,null,null,dissolving
11,17,null,null,dissolving
11,18,null,null,dissolving
11,19,null,null,dissolving
11,20,null,null,dissolving
11,21,null,null,dissolving
11,22,null,null,dissolving
11,23,null,null,dissolving
11,24,null,null,dissolving
11,25,null,null,dissolving
11,26,null,null,dissolving
11,27,null,null,dissolving
11,28,null,null,dissolving
11,29,null,null,dissolving
11,30,null,null,dissolving
11,31,null,null,dissolving
11,32,null,null,dissolving
11,34,null,null,dissolving
11,35,null,null,dissolving
11,37,null,null,dissolving
11,38,null,null,dissolving
11,39,null,null,dissolving
11,40,null,null,dissolving
11,41,null,null,dissolving
11,42,null,null,dissolving
11,43,null,null,dissolving
11,44,null,null,dissolving
11,45,null,null,dissolving
11,46,null,null,dissolving
11,47,null,null,dissolving
11,48,null,null,dissolving
11,49,null,null,dissolving
11,50,null,null,dissolving
11,51,null,null,dissolving
null,null,12,36,forming
null,null,12,15,forming
null,null,12,6,forming
null,null,12,35,forming
null,null,12,28,forming
null,null,12,24,forming
null,null,12,7,forming
null,null,12,19,forming
null,null,12,8,forming
null,null,12,4,forming
null,null,12,27,forming
null,null,12,32,forming
null,null,12,10,forming
null,null,12,23,forming
null,null,12,14,forming
null,null,12,26,forming
null,null,12,18,forming
null,null,12,12,forming
null,null,12,31,forming
null,null,12,17,forming
11,0,null,null,dissolving
11,1,null,null,dissolving
11,2,null,null,dissolving
11,5,null,null,No_event
11,6,null,null,No_event
11,7,null,null,No_event
11,8,null,null,No_event
11,10,null,null,No_event
11,11,null,null,No_event
11,15,null,null,No_event
11,33,null,null,No_event
11,36,null,null,No_event
11,52,null,null,No_event
11,9,null,null,No_event
null,null,12,0,No_event
null,null,12,1,No_event
null,null,12,2,No_event
null,null,12,3,No_event
null,null,12,5,No_event
null,null,12,9,No_event
null,null,12,11,No_event
null,null,12,13,No_event
null,null,12,16,No_event
null,null,12,20,No_event
null,null,12,21,No_event
null,null,12,22,No_event
null,null,12,25,No_event
null,null,12,29,No_event
null,null,12,30,No_event
null,null,12,33,No_event
null,null,12,34,No_event
12,25,null,null,dissolving
12,28,null,null,dissolving
12,8,null,null,dissolving
12,9,null,null,dissolving
12,24,null,null,dissolving
12,14,null,null,dissolving
12,20,null,null,dissolving
12,18,null,null,dissolving
12,23,null,null,dissolving
null,null,13,31,forming
null,null,13,27,forming
null,null,13,24,forming
null,null,13,15,forming
null,null,13,9,forming
null,null,13,26,forming
null,null,13,2,forming
null,null,13,18,forming
null,null,13,19,forming
null,null,13,20,forming
null,null,13,12,forming
null,null,13,21,forming
null,null,13,29,forming
null,null,13,22,forming
null,null,13,28,forming
12,16,null,null,dissolving
12,32,null,null,dissolving
12,15,null,null,dissolving
12,31,null,null,dissolving
12,1,null,null,dissolving
12,30,null,null,dissolving
12,12,null,null,dissolving
12,29,null,null,dissolving
12,3,null,null,No_event
12,13,null,null,No_event
12,21,null,null,No_event
12,4,null,null,No_event
12,27,null,null,No_event
12,10,null,null,No_event
12,19,null,null,No_event
12,35,null,null,No_event
12,5,null,null,No_event
12,0,null,null,No_event
12,34,null,null,No_event
12,36,null,null,No_event
12,17,null,null,No_event
12,33,null,null,No_event
12,11,null,null,No_event
12,26,null,null,No_event
12,6,null,null,No_event
12,7,null,null,No_event
12,22,null,null,No_event
12,2,null,null,No_event
null,null,13,7,No_event
null,null,13,8,No_event
null,null,13,10,No_event
null,null,13,11,No_event
null,null,13,13,No_event
null,null,13,14,No_event
null,null,13,16,No_event
null,null,13,17,No_event
null,null,13,23,No_event
null,null,13,25,No_event
null,null,13,30,No_event
null,null,13,0,No_event
null,null,13,1,No_event
null,null,13,3,No_event
null,null,13,4,No_event
null,null,13,5,No_event
null,null,13,6,No_event
13,0,null,null,dissolving
13,1,null,null,dissolving
13,3,null,null,dissolving
13,6,null,null,dissolving
13,8,null,null,dissolving
13,9,null,null,dissolving
13,14,null,null,dissolving
13,17,null,null,dissolving
13,18,null,null,dissolving
13,20,null,null,dissolving
13,21,null,null,dissolving
13,23,null,null,dissolving
13,24,null,null,dissolving
13,25,null,null,dissolving
13,26,null,null,dissolving
13,28,null,null,dissolving
13,29,null,null,dissolving
13,30,null,null,dissolving
null,null,14,38,forming
null,null,14,39,forming
null,null,14,22,forming
null,null,14,8,forming
null,null,14,41,forming
null,null,14,33,forming
null,null,14,42,forming
null,null,14,43,forming
null,null,14,12,forming
null,null,14,45,forming
null,null,14,46,forming
null,null,14,47,forming
null,null,14,50,forming
null,null,14,48,forming
null,null,14,49,forming
null,null,14,18,forming
null,null,14,19,forming
null,null,14,20,forming
null,null,14,21,forming
null,null,14,35,forming
null,null,14,54,forming
null,null,14,23,forming
null,null,14,14,forming
null,null,14,51,forming
null,null,14,25,forming
null,null,14,26,forming
null,null,14,27,forming
null,null,14,15,forming
null,null,14,52,forming
null,null,14,28,forming
null,null,14,29,forming
null,null,14,31,forming
null,null,14,30,forming
null,null,14,0,forming
null,null,14,10,forming
null,null,14,2,forming
null,null,14,53,forming
null,null,14,34,forming
null,null,14,4,forming
null,null,14,16,forming
null,null,14,36,forming
null,null,14,37,forming
null,null,14,11,forming
13,2,null,null,No_event
13,4,null,null,No_event
13,5,null,null,No_event
13,7,null,null,No_event
13,10,null,null,No_event
13,11,null,null,No_event
13,12,null,null,No_event
13,13,null,null,No_event
13,15,null,null,No_event
13,16,null,null,No_event
13,19,null,null,No_event
13,22,null,null,No_event
13,27,null,null,No_event
13,31,null,null,No_event
null,null,14,7,No_event
null,null,14,9,No_event
null,null,14,13,No_event
null,null,14,17,No_event
null,null,14,24,No_event
null,null,14,32,No_event
null,null,14,40,No_event
null,null,14,44,No_event
null,null,14,1,No_event
null,null,14,3,No_event
null,null,14,5,No_event
null,null,14,6,No_event
14,26,null,null,dissolving
14,32,null,null,dissolving
14,34,null,null,dissolving
14,11,null,null,dissolving
14,41,null,null,dissolving
14,43,null,null,dissolving
14,12,15,25,growing
14,45,null,null,dissolving
14,46,null,null,dissolving
14,47,null,null,dissolving
14,49,null,null,dissolving
14,53,15,76,continuing
null,null,15,46,forming
null,null,15,68,forming
null,null,15,78,forming
null,null,15,93,forming
null,null,15,48,forming
null,null,15,49,forming
null,null,15,88,forming
null,null,15,50,forming
null,null,15,66,forming
null,null,15,51,forming
null,null,15,20,forming
null,null,15,52,forming
null,null,15,65,forming
null,null,15,16,forming
null,null,15,53,forming
null,null,15,31,forming
null,null,15,54,forming
null,null,15,64,forming
null,null,15,55,forming
null,null,15,89,forming
null,null,15,56,forming
null,null,15,63,forming
null,null,15,57,forming
null,null,15,84,forming
null,null,15,58,forming
null,null,15,62,forming
null,null,15,83,forming
null,null,15,59,forming
null,null,15,95,forming
null,null,15,28,forming
null,null,15,13,forming
null,null,15,82,forming
null,null,15,92,forming
null,null,15,90,forming
null,null,15,30,forming
null,null,15,0,forming
null,null,15,38,forming
null,null,15,32,forming
null,null,15,33,forming
null,null,15,96,forming
null,null,15,80,forming
null,null,15,34,forming
null,null,15,79,forming
null,null,15,4,forming
null,null,15,91,forming
null,null,15,5,forming
null,null,15,73,forming
null,null,15,37,forming
null,null,15,94,forming
null,null,15,86,forming
null,null,15,7,forming
null,null,15,39,forming
null,null,15,81,forming
null,null,15,72,forming
null,null,15,10,forming
null,null,15,60,forming
null,null,15,61,forming
null,null,15,74,forming
null,null,15,70,forming
null,null,15,43,forming
null,null,15,87,forming
null,null,15,44,forming
null,null,15,69,forming
null,null,15,77,forming
null,null,15,35,forming
14,22,null,null,dissolving
14,24,null,null,dissolving
14,25,null,null,dissolving
14,5,null,null,dissolving
14,0,null,null,dissolving
14,6,null,null,dissolving
14,7,null,null,No_event
14,8,null,null,No_event
14,9,null,null,No_event
14,27,null,null,No_event
14,28,null,null,No_event
14,29,null,null,No_event
14,30,null,null,No_event
14,31,null,null,No_event
14,10,null,null,No_event
14,33,null,null,No_event
14,35,null,null,No_event
14,36,null,null,No_event
14,37,null,null,No_event
14,38,null,null,No_event
14,39,null,null,No_event
14,40,null,null,No_event
14,42,null,null,No_event
14,44,null,null,No_event
14,48,null,null,No_event
14,13,null,null,No_event
14,50,null,null,No_event
14,51,null,null,No_event
14,52,null,null,No_event
14,54,null,null,No_event
14,14,null,null,No_event
14,15,null,null,No_event
14,16,null,null,No_event
14,17,null,null,No_event
14,18,null,null,No_event
14,19,null,null,No_event
14,20,null,null,No_event
14,21,null,null,No_event
14,1,null,null,No_event
14,2,null,null,No_event
14,23,null,null,No_event
14,3,null,null,No_event
14,4,null,null,No_event
null,null,15,85,No_event
null,null,15,1,No_event
null,null,15,2,No_event
null,null,15,3,No_event
null,null,15,6,No_event
null,null,15,8,No_event
null,null,15,9,No_event
null,null,15,11,No_event
null,null,15,12,No_event
null,null,15,14,No_event
null,null,15,15,No_event
null,null,15,17,No_event
null,null,15,18,No_event
null,null,15,19,No_event
null,null,15,21,No_event
null,null,15,22,No_event
null,null,15,23,No_event
null,null,15,24,No_event
null,null,15,26,No_event
null,null,15,27,No_event
null,null,15,29,No_event
null,null,15,36,No_event
null,null,15,71,No_event
null,null,15,40,No_event
null,null,15,41,No_event
null,null,15,42,No_event
null,null,15,45,No_event
null,null,15,47,No_event
null,null,15,67,No_event
null,null,15,75,No_event
15,15,null,null,dissolving
15,88,null,null,dissolving
15,82,null,null,dissolving
15,78,null,null,dissolving
15,18,null,null,dissolving
15,2,null,null,dissolving
15,21,null,null,dissolving
15,83,null,null,dissolving
15,79,null,null,dissolving
15,25,16,25,continuing
15,89,null,null,dissolving
15,84,null,null,dissolving
15,26,null,null,dissolving
15,27,null,null,dissolving
15,29,null,null,dissolving
15,90,null,null,dissolving
15,12,null,null,dissolving
15,32,null,null,dissolving
15,80,null,null,dissolving
15,34,null,null,dissolving
15,35,null,null,dissolving
15,91,null,null,dissolving
15,36,null,null,dissolving
15,8,null,null,dissolving
15,39,null,null,dissolving
15,40,null,null,dissolving
15,86,null,null,dissolving
15,47,null,null,dissolving
15,93,null,null,dissolving
15,48,null,null,dissolving
15,49,null,null,dissolving
15,51,null,null,dissolving
15,52,null,null,dissolving
15,56,null,null,dissolving
15,57,null,null,dissolving
15,58,null,null,dissolving
15,59,null,null,dissolving
15,95,16,92,continuing
15,13,null,null,dissolving
15,61,null,null,dissolving
15,62,null,null,dissolving
15,81,null,null,dissolving
15,63,null,null,dissolving
15,64,null,null,dissolving
15,65,null,null,dissolving
null,null,16,41,forming
null,null,16,21,forming
null,null,16,107,forming
null,null,16,59,forming
null,null,16,108,forming
null,null,16,91,forming
null,null,16,23,forming
null,null,16,109,forming
null,null,16,37,forming
null,null,16,117,forming
null,null,16,16,forming
null,null,16,6,forming
null,null,16,80,forming
null,null,16,112,forming
null,null,16,81,forming
null,null,16,19,forming
null,null,16,76,forming
null,null,16,83,forming
null,null,16,4,forming
null,null,16,57,forming
null,null,16,115,forming
null,null,16,71,forming
null,null,16,85,forming
null,null,16,20,forming
null,null,16,86,forming
null,null,16,82,forming
null,null,16,35,forming
null,null,16,113,forming
null,null,16,88,forming
null,null,16,77,forming
null,null,16,89,forming
null,null,16,34,forming
null,null,16,28,forming
null,null,16,58,forming
null,null,16,56,forming
null,null,16,53,forming
null,null,16,60,forming
null,null,16,114,forming
null,null,16,61,forming
null,null,16,32,forming
null,null,16,99,forming
null,null,16,62,forming
null,null,16,78,forming
null,null,16,63,forming
null,null,16,98,forming
null,null,16,51,forming
null,null,16,49,forming
null,null,16,64,forming
null,null,16,10,forming
null,null,16,65,forming
null,null,16,97,forming
null,null,16,90,forming
null,null,16,66,forming
null,null,16,52,forming
null,null,16,67,forming
null,null,16,47,forming
null,null,16,100,forming
null,null,16,110,forming
null,null,16,79,forming
null,null,16,101,forming
null,null,16,95,forming
null,null,16,46,forming
null,null,16,102,forming
null,null,16,74,forming
null,null,16,103,forming
null,null,16,94,forming
null,null,16,45,forming
null,null,16,72,forming
null,null,16,116,forming
null,null,16,105,forming
null,null,16,93,forming
null,null,16,44,forming
null,null,16,106,forming
null,null,16,111,forming
15,67,null,null,dissolving
15,68,null,null,dissolving
15,9,null,null,dissolving
15,70,null,null,dissolving
15,71,null,null,dissolving
15,72,16,87,continuing
15,73,null,null,dissolving
15,74,null,null,dissolving
15,75,null,null,dissolving
15,76,null,null,dissolving
15,77,null,null,dissolving
15,1,null,null,No_event
15,14,null,null,No_event
15,16,null,null,No_event
15,17,null,null,No_event
15,10,null,null,No_event
15,6,null,null,No_event
15,19,null,null,No_event
15,20,null,null,No_event
15,0,null,null,No_event
15,22,null,null,No_event
15,11,null,null,No_event
15,23,null,null,No_event
15,7,null,null,No_event
15,24,null,null,No_event
15,3,null,null,No_event
15,85,null,null,No_event
15,28,null,null,No_event
15,30,null,null,No_event
15,31,null,null,No_event
15,33,null,null,No_event
15,37,null,null,No_event
15,38,null,null,No_event
15,41,null,null,No_event
15,92,null,null,No_event
15,42,null,null,No_event
15,43,null,null,No_event
15,44,null,null,No_event
15,45,null,null,No_event
15,46,null,null,No_event
15,4,null,null,No_event
15,50,null,null,No_event
15,53,null,null,No_event
15,94,null,null,No_event
15,54,null,null,No_event
15,55,null,null,No_event
15,60,null,null,No_event
15,87,null,null,No_event
15,96,null,null,No_event
15,66,null,null,No_event
15,69,null,null,No_event
15,5,null,null,No_event
null,null,16,48,No_event
null,null,16,2,No_event
null,null,16,50,No_event
null,null,16,54,No_event
null,null,16,3,No_event
null,null,16,55,No_event
null,null,16,0,No_event
null,null,16,1,No_event
null,null,16,68,No_event
null,null,16,5,No_event
null,null,16,69,No_event
null,null,16,70,No_event
null,null,16,73,No_event
null,null,16,12,No_event
null,null,16,14,No_event
null,null,16,15,No_event
null,null,16,7,No_event
null,null,16,17,No_event
null,null,16,18,No_event
null,null,16,84,No_event
null,null,16,8,No_event
null,null,16,22,No_event
null,null,16,24,No_event
null,null,16,26,No_event
null,null,16,27,No_event
null,null,16,9,No_event
null,null,16,29,No_event
null,null,16,30,No_event
null,null,16,31,No_event
null,null,16,33,No_event
null,null,16,36,No_event
null,null,16,38,No_event
null,null,16,39,No_event
null,null,16,11,No_event
null,null,16,40,No_event
null,null,16,42,No_event
null,null,16,43,No_event
null,null,16,96,No_event
null,null,16,75,No_event
null,null,16,13,No_event
null,null,16,104,No_event
16,92,null,null,dissolving
16,75,null,null,dissolving
16,49,null,null,dissolving
16,50,null,null,dissolving
16,51,null,null,dissolving
16,70,null,null,dissolving
16,56,null,null,dissolving
16,101,null,null,dissolving
16,59,null,null,dissolving
16,61,null,null,dissolving
16,86,null,null,dissolving
16,1,null,null,dissolving
16,97,null,null,dissolving
16,90,null,null,dissolving
16,5,null,null,dissolving
16,47,null,null,dissolving
16,88,null,null,dissolving
16,8,null,null,dissolving
16,9,null,null,dissolving
16,10,null,null,dissolving
16,71,null,null,dissolving
16,16,null,null,dissolving
16,17,null,null,dissolving
16,18,null,null,dissolving
16,21,null,null,dissolving
16,113,null,null,dissolving
16,102,null,null,dissolving
16,25,17,29,shrinking
16,26,null,null,dissolving
16,29,null,null,dissolving
16,30,null,null,dissolving
16,31,null,null,dissolving
16,98,null,null,dissolving
16,72,null,null,dissolving
16,109,null,null,dissolving
16,33,null,null,dissolving
16,64,null,null,dissolving
16,87,17,97,continuing
16,36,null,null,dissolving
16,38,null,null,dissolving
16,39,null,null,dissolving
16,40,null,null,dissolving
16,94,null,null,dissolving
16,41,null,null,dissolving
16,42,null,null,dissolving
null,null,17,83,forming
null,null,17,103,forming
null,null,17,52,forming
null,null,17,99,forming
null,null,17,116,forming
null,null,17,117,forming
null,null,17,85,forming
null,null,17,118,forming
null,null,17,101,forming
null,null,17,119,forming
null,null,17,68,forming
null,null,17,73,forming
null,null,17,84,forming
null,null,17,57,forming
null,null,17,100,forming
null,null,17,5,forming
null,null,17,60,forming
null,null,17,79,forming
null,null,17,30,forming
null,null,17,114,forming
null,null,17,94,forming
null,null,17,64,forming
null,null,17,106,forming
null,null,17,95,forming
null,null,17,113,forming
null,null,17,1,forming
null,null,17,11,forming
null,null,17,80,forming
null,null,17,112,forming
null,null,17,35,forming
null,null,17,33,forming
null,null,17,36,forming
null,null,17,111,forming
null,null,17,37,forming
null,null,17,75,forming
null,null,17,38,forming
null,null,17,54,forming
null,null,17,8,forming
null,null,17,41,forming
null,null,17,81,forming
null,null,17,42,forming
null,null,17,74,forming
null,null,17,44,forming
null,null,17,107,forming
null,null,17,108,forming
null,null,17,40,forming
null,null,17,115,forming
null,null,17,109,forming
null,null,17,18,forming
null,null,17,78,forming
null,null,17,19,forming
null,null,17,82,forming
null,null,17,20,forming
null,null,17,48,forming
null,null,17,105,forming
null,null,17,49,forming
null,null,17,98,forming
null,null,17,61,forming
null,null,17,50,forming
null,null,17,55,forming
null,null,17,51,forming
null,null,17,72,forming
16,67,null,null,dissolving
16,73,null,null,dissolving
16,99,null,null,dissolving
16,65,null,null,dissolving
16,89,null,null,dissolving
16,95,null,null,dissolving
16,68,null,null,dissolving
16,85,null,null,dissolving
16,91,null,null,dissolving
16,83,null,null,dissolving
16,104,17,86,continuing
16,69,null,null,dissolving
16,66,17,59,continuing
16,96,null,null,dissolving
16,107,17,92,continuing
16,79,null,null,dissolving
16,105,null,null,No_event
16,44,null,null,No_event
16,52,null,null,No_event
16,53,null,null,No_event
16,54,null,null,No_event
16,55,null,null,No_event
16,45,null,null,No_event
16,57,null,null,No_event
16,58,null,null,No_event
16,60,null,null,No_event
16,62,null,null,No_event
16,46,null,null,No_event
16,0,null,null,No_event
16,2,null,null,No_event
16,108,null,null,No_event
16,3,null,null,No_event
16,80,null,null,No_event
16,4,null,null,No_event
16,63,null,null,No_event
16,6,null,null,No_event
16,7,null,null,No_event
16,93,null,null,No_event
16,11,null,null,No_event
16,48,null,null,No_event
16,76,null,null,No_event
16,12,null,null,No_event
16,13,null,null,No_event
16,14,null,null,No_event
16,84,null,null,No_event
16,15,null,null,No_event
16,106,null,null,No_event
16,112,null,null,No_event
16,19,null,null,No_event
16,20,null,null,No_event
16,22,null,null,No_event
16,23,null,null,No_event
16,24,null,null,No_event
16,27,null,null,No_event
16,28,null,null,No_event
16,114,null,null,No_event
16,32,null,null,No_event
16,81,null,null,No_event
16,34,null,null,No_event
16,35,null,null,No_event
16,37,null,null,No_event
16,116,null,null,No_event
16,77,null,null,No_event
16,43,null,null,No_event
16,103,null,null,No_event
16,110,null,null,No_event
16,82,null,null,No_event
16,78,null,null,No_event
16,74,null,null,No_event
16,100,null,null,No_event
16,111,null,null,No_event
16,115,null,null,No_event
null,null,17,96,No_event
null,null,17,12,No_event
null,null,17,13,No_event
null,null,17,14,No_event
null,null,17,16,No_event
null,null,17,17,No_event
null,null,17,102,No_event
null,null,17,53,No_event
null,null,17,56,No_event
null,null,17,58,No_event
null,null,17,63,No_event
null,null,17,62,No_event
null,null,17,0,No_event
null,null,17,2,No_event
null,null,17,66,No_event
null,null,17,67,No_event
null,null,17,69,No_event
null,null,17,70,No_event
null,null,17,9,No_event
null,null,17,65,No_event
null,null,17,10,No_event
null,null,17,76,No_event
null,null,17,87,No_event
null,null,17,77,No_event
null,null,17,15,No_event
null,null,17,3,No_event
null,null,17,88,No_event
null,null,17,21,No_event
null,null,17,4,No_event
null,null,17,22,No_event
null,null,17,23,No_event
null,null,17,110,No_event
null,null,17,24,No_event
null,null,17,25,No_event
null,null,17,89,No_event
null,null,17,26,No_event
null,null,17,27,No_event
null,null,17,28,No_event
null,null,17,31,No_event
null,null,17,90,No_event
null,null,17,32,No_event
null,null,17,6,No_event
null,null,17,34,No_event
null,null,17,91,No_event
null,null,17,39,No_event
null,null,17,7,No_event
null,null,17,43,No_event
null,null,17,45,No_event
null,null,17,71,No_event
null,null,17,46,No_event
null,null,17,47,No_event
null,null,17,93,No_event
17,76,null,null,dissolving
17,98,null,null,dissolving
17,86,null,null,dissolving
17,69,null,null,dissolving
17,115,null,null,dissolving
17,116,null,null,dissolving
17,75,null,null,dissolving
17,97,18,81,continuing
17,74,null,null,dissolving
null,null,18,89,forming
null,null,18,43,forming
null,null,18,90,forming
null,null,18,70,forming
null,null,18,26,forming
null,null,18,91,forming
null,null,18,92,forming
null,null,18,5,forming
null,null,18,93,forming
null,null,18,94,forming
null,null,18,77,forming
null,null,18,79,forming
null,null,18,95,forming
null,null,18,36,forming
null,null,18,60,forming
null,null,18,96,forming
null,null,18,76,forming
null,null,18,27,forming
null,null,18,65,forming
null,null,18,98,forming
null,null,18,75,forming
null,null,18,69,forming
null,null,18,99,forming
null,null,18,58,forming
null,null,18,100,forming
null,null,18,101,forming
null,null,18,102,forming
null,null,18,72,forming
null,null,18,12,forming
null,null,18,103,forming
null,null,18,104,forming
null,null,18,7,forming
null,null,18,105,forming
null,null,18,35,forming
null,null,18,51,forming
null,null,18,106,forming
null,null,18,107,forming
null,null,18,13,forming
null,null,18,108,forming
null,null,18,14,forming
null,null,18,41,forming
null,null,18,78,forming
null,null,18,56,forming
null,null,18,16,forming
null,null,18,66,forming
null,null,18,31,forming
null,null,18,50,forming
null,null,18,82,forming
null,null,18,61,forming
null,null,18,30,forming
null,null,18,83,forming
null,null,18,84,forming
null,null,18,9,forming
null,null,18,85,forming
null,null,18,86,forming
null,null,18,67,forming
null,null,18,87,forming
null,null,18,40,forming
null,null,18,88,forming
null,null,18,62,forming
17,87,null,null,dissolving
17,70,null,null,dissolving
17,96,null,null,dissolving
17,81,null,null,dissolving
17,100,null,null,dissolving
17,66,null,null,dissolving
17,83,null,null,dissolving
17,80,null,null,dissolving
17,65,null,null,dissolving
17,103,null,null,dissolving
17,71,null,null,dissolving
17,104,null,null,dissolving
17,52,null,null,dissolving
17,53,null,null,dissolving
17,55,null,null,dissolving
17,56,null,null,dissolving
17,105,null,null,dissolving
17,58,null,null,dissolving
17,67,null,null,dissolving
17,59,null,null,dissolving
17,94,null,null,dissolving
17,79,null,null,dissolving
17,61,null,null,dissolving
17,62,null,null,dissolving
17,64,18,53,continuing
17,106,null,null,dissolving
17,1,null,null,dissolving
17,3,null,null,dissolving
17,107,null,null,dissolving
17,6,null,null,dissolving
17,8,null,null,dissolving
17,9,null,null,dissolving
17,11,null,null,dissolving
17,12,null,null,dissolving
17,93,null,null,dissolving
17,109,null,null,dissolving
17,18,null,null,dissolving
17,19,null,null,dissolving
17,20,null,null,dissolving
17,21,null,null,dissolving
17,22,null,null,dissolving
17,102,null,null,dissolving
17,110,null,null,dissolving
17,25,null,null,dissolving
17,68,null,null,dissolving
17,26,null,null,dissolving
17,28,null,null,dissolving
17,29,null,null,dissolving
17,31,null,null,dissolving
17,32,null,null,dissolving
17,92,null,null,dissolving
17,33,null,null,dissolving
17,34,null,null,dissolving
17,112,null,null,dissolving
17,36,null,null,dissolving
17,38,null,null,dissolving
17,89,null,null,dissolving
17,39,null,null,dissolving
17,40,null,null,dissolving
17,41,null,null,dissolving
17,113,null,null,dissolving
17,43,null,null,dissolving
17,45,null,null,dissolving
17,47,null,null,dissolving
17,73,null,null,dissolving
17,91,null,null,dissolving
17,51,null,null,dissolving
17,99,null,null,No_event
17,117,null,null,No_event
17,108,null,null,No_event
17,118,null,null,No_event
17,119,null,null,No_event
17,95,null,null,No_event
17,88,null,null,No_event
17,54,null,null,No_event
17,101,null,null,No_event
17,84,null,null,No_event
17,57,null,null,No_event
17,60,null,null,No_event
17,0,null,null,No_event
17,2,null,null,No_event
17,4,null,null,No_event
17,5,null,null,No_event
17,7,null,null,No_event
17,10,null,null,No_event
17,82,null,null,No_event
17,13,null,null,No_event
17,14,null,null,No_event
17,15,null,null,No_event
17,78,null,null,No_event
17,16,null,null,No_event
17,17,null,null,No_event
17,63,null,null,No_event
17,23,null,null,No_event
17,85,null,null,No_event
17,24,null,null,No_event
17,27,null,null,No_event
17,77,null,null,No_event
17,30,null,null,No_event
17,35,null,null,No_event
17,111,null,null,No_event
17,37,null,null,No_event
17,42,null,null,No_event
17,44,null,null,No_event
17,90,null,null,No_event
17,46,null,null,No_event
17,72,null,null,No_event
17,114,null,null,No_event
17,48,null,null,No_event
17,49,null,null,No_event
17,50,null,null,No_event
null,null,18,59,No_event
null,null,18,63,No_event
null,null,18,1,No_event
null,null,18,2,No_event
null,null,18,3,No_event
null,null,18,4,No_event
null,null,18,80,No_event
null,null,18,8,No_event
null,null,18,10,No_event
null,null,18,11,No_event
null,null,18,18,No_event
null,null,18,17,No_event
null,null,18,19,No_event
null,null,18,22,No_event
null,null,18,23,No_event
null,null,18,20,No_event
null,null,18,24,No_event
null,null,18,25,No_event
null,null,18,28,No_event
null,null,18,29,No_event
null,null,18,21,No_event
null,null,18,0,No_event
null,null,18,32,No_event
null,null,18,33,No_event
null,null,18,34,No_event
null,null,18,37,No_event
null,null,18,64,No_event
null,null,18,38,No_event
null,null,18,39,No_event
null,null,18,42,No_event
null,null,18,44,No_event
null,null,18,45,No_event
null,null,18,46,No_event
null,null,18,47,No_event
null,null,18,48,No_event
null,null,18,49,No_event
null,null,18,52,No_event
null,null,18,54,No_event
null,null,18,55,No_event
null,null,18,57,No_event
null,null,18,68,No_event
null,null,18,6,No_event
null,null,18,71,No_event
null,null,18,73,No_event
null,null,18,74,No_event
null,null,18,97,No_event
null,null,18,15,No_event
18,83,null,null,dissolving
18,100,null,null,dissolving
18,58,null,null,dissolving
18,17,null,null,dissolving
18,90,null,null,dissolving
18,72,null,null,dissolving
18,59,null,null,dissolving
18,60,null,null,dissolving
18,19,null,null,dissolving
18,84,null,null,dissolving
18,61,19,49,continuing
18,82,null,null,dissolving
18,67,null,null,dissolving
18,29,null,null,dissolving
18,78,null,null,dissolving
18,30,null,null,dissolving
18,73,null,null,dissolving
18,31,null,null,dissolving
18,32,null,null,dissolving
18,34,null,null,dissolving
18,22,null,null,dissolving
18,74,null,null,dissolving
18,38,null,null,dissolving
18,39,null,null,dissolving
18,85,null,null,dissolving
18,40,null,null,dissolving
18,41,19,36,continuing
18,23,null,null,dissolving
18,42,null,null,dissolving
18,43,null,null,dissolving
18,2,null,null,dissolving
18,45,null,null,dissolving
null,null,19,43,forming
null,null,19,107,forming
null,null,19,106,forming
null,null,19,76,forming
null,null,19,46,forming
null,null,19,22,forming
null,null,19,47,forming
null,null,19,69,forming
null,null,19,79,forming
null,null,19,25,forming
null,null,19,80,forming
null,null,19,68,forming
null,null,19,81,forming
null,null,19,44,forming
null,null,19,82,forming
null,null,19,67,forming
null,null,19,52,forming
null,null,19,102,forming
null,null,19,21,forming
null,null,19,17,forming
null,null,19,54,forming
null,null,19,86,forming
null,null,19,55,forming
null,null,19,65,forming
null,null,19,56,forming
null,null,19,32,forming
null,null,19,45,forming
null,null,19,89,forming
null,null,19,57,forming
null,null,19,64,forming
null,null,19,15,forming
null,null,19,58,forming
null,null,19,95,forming
null,null,19,87,forming
null,null,19,90,forming
null,null,19,63,forming
null,null,19,11,forming
null,null,19,91,forming
null,null,19,94,forming
null,null,19,19,forming
null,null,19,13,forming
null,null,19,30,forming
null,null,19,77,forming
null,null,19,0,forming
null,null,19,1,forming
null,null,19,73,forming
null,null,19,85,forming
null,null,19,96,forming
null,null,19,97,forming
null,null,19,99,forming
null,null,19,88,forming
null,null,19,98,forming
null,null,19,101,forming
null,null,19,26,forming
null,null,19,23,forming
null,null,19,6,forming
null,null,19,74,forming
null,null,19,70,forming
null,null,19,42,forming
null,null,19,8,forming
null,null,19,103,forming
null,null,19,100,forming
null,null,19,41,forming
null,null,19,105,forming
null,null,19,48,forming
18,25,null,null,dissolving
18,4,null,null,dissolving
18,47,null,null,dissolving
18,79,null,null,dissolving
18,5,null,null,dissolving
18,86,null,null,dissolving
18,75,null,null,dissolving
18,69,null,null,dissolving
18,91,null,null,dissolving
18,50,null,null,dissolving
18,104,19,84,continuing
18,92,null,null,dissolving
18,93,null,null,dissolving
18,87,null,null,dissolving
18,80,null,null,dissolving
18,94,null,null,dissolving
18,53,null,null,dissolving
18,99,null,null,dissolving
18,95,null,null,dissolving
18,76,19,59,continuing
18,54,null,null,dissolving
18,96,null,null,dissolving
18,12,null,null,dissolving
18,89,null,null,dissolving
18,55,null,null,dissolving
18,88,null,null,dissolving
18,97,null,null,dissolving
18,65,null,null,dissolving
18,56,null,null,dissolving
18,71,null,null,dissolving
18,98,null,null,dissolving
18,57,null,null,dissolving
18,81,19,78,continuing
18,77,null,null,No_event
18,16,null,null,No_event
18,0,null,null,No_event
18,66,null,null,No_event
18,101,null,null,No_event
18,102,null,null,No_event
18,18,null,null,No_event
18,103,null,null,No_event
18,20,null,null,No_event
18,62,null,null,No_event
18,105,null,null,No_event
18,28,null,null,No_event
18,21,null,null,No_event
18,33,null,null,No_event
18,106,null,null,No_event
18,35,null,null,No_event
18,36,null,null,No_event
18,37,null,null,No_event
18,1,null,null,No_event
18,107,null,null,No_event
18,44,null,null,No_event
18,68,null,null,No_event
18,24,null,null,No_event
18,3,null,null,No_event
18,46,null,null,No_event
18,26,null,null,No_event
18,48,null,null,No_event
18,27,null,null,No_event
18,6,null,null,No_event
18,49,null,null,No_event
18,7,null,null,No_event
18,8,null,null,No_event
18,51,null,null,No_event
18,9,null,null,No_event
18,52,null,null,No_event
18,63,null,null,No_event
18,70,null,null,No_event
18,10,null,null,No_event
18,11,null,null,No_event
18,13,null,null,No_event
18,14,null,null,No_event
18,64,null,null,No_event
18,15,null,null,No_event
null,null,19,75,No_event
null,null,19,83,No_event
null,null,19,92,No_event
null,null,19,104,No_event
null,null,19,2,No_event
null,null,19,3,No_event
null,null,19,4,No_event
null,null,19,5,No_event
null,null,19,7,No_event
null,null,19,9,No_event
null,null,19,10,No_event
null,null,19,12,No_event
null,null,19,14,No_event
null,null,19,16,No_event
null,null,19,18,No_event
null,null,19,20,No_event
null,null,19,24,No_event
null,null,19,27,No_event
null,null,19,28,No_event
null,null,19,29,No_event
null,null,19,31,No_event
null,null,19,33,No_event
null,null,19,34,No_event
null,null,19,35,No_event
null,null,19,37,No_event
null,null,19,38,No_event
null,null,19,39,No_event
null,null,19,40,No_event
null,null,19,50,No_event
null,null,19,51,No_event
null,null,19,53,No_event
null,null,19,60,No_event
null,null,19,61,No_event
null,null,19,62,No_event
null,null,19,66,No_event
null,null,19,71,No_event
null,null,19,72,No_event
